-1.612827514648437500e+03,-1.279595565795898438e+02,3.659931945800781250e+02,-3.835973205566406250e+02,-5.814172363281250000e+02
1.013753540039062500e+03,1.138245239257812500e+03,2.926177978515625000e+03,5.521365966796875000e+02,7.284297180175781250e+01
-6.476139526367187500e+02,-2.397074584960937500e+02,1.407703552246093750e+02,5.942600097656250000e+02,2.276409912109375000e+02
1.304515502929687500e+03,5.889998168945312500e+02,-7.258763427734375000e+02,-2.575586509704589844e+01,2.438714294433593750e+02
2.886453857421875000e+03,-8.397276611328125000e+02,7.241671752929687500e+02,-1.665485595703125000e+03,-9.402787475585937500e+02
6.440949096679687500e+02,2.648996093750000000e+03,1.373298461914062500e+03,6.710548706054687500e+02,-8.320462646484375000e+02
-3.540527954101562500e+02,7.587141113281250000e+02,-2.791818847656250000e+02,7.825362548828125000e+02,1.033336029052734375e+02
2.909892333984375000e+03,-1.608578247070312500e+03,-5.530595703125000000e+02,-1.359387207031250000e+03,7.368641357421875000e+02
2.859426757812500000e+03,2.366459960937500000e+03,1.377922973632812500e+03,-2.022775634765625000e+03,-8.222824096679687500e+02
3.349256896972656250e+02,-4.960074462890625000e+02,1.046327438354492188e+02,6.941873168945312500e+01,-2.442056274414062500e+02
7.537197113037109375e+01,2.218377197265625000e+03,-1.158653076171875000e+03,-6.457206420898437500e+02,1.221132080078125000e+03
-6.136712646484375000e+01,6.955859985351562500e+02,3.776002502441406250e+02,5.506960449218750000e+02,-1.013922500610351562e+02
2.771173095703125000e+02,-1.879003601074218750e+02,-8.527855224609375000e+02,1.985788940429687500e+03,-9.614289855957031250e+01
7.799674072265625000e+02,2.980518798828125000e+02,-2.682914733886718750e+02,-3.346170654296875000e+02,4.354114379882812500e+02
1.405464111328125000e+03,1.023973266601562500e+03,1.366182739257812500e+03,-4.053478698730468750e+02,-4.984222412109375000e+01
-2.212285308837890625e+02,-2.199515869140625000e+03,6.709817504882812500e+02,-2.366699981689453125e+02,-7.008562469482421875e+01
-3.337526367187500000e+03,-4.158112792968750000e+02,-1.421238327026367188e+01,5.589799804687500000e+02,-1.657561401367187500e+03
-2.622653808593750000e+02,5.971643829345703125e+01,-1.227826904296875000e+03,-1.383843231201171875e+02,1.639587860107421875e+02
1.525623779296875000e+03,-6.058051757812500000e+02,-8.149385070800781250e+01,7.750221252441406250e+01,2.853191528320312500e+02
-1.469534179687500000e+03,-1.659446105957031250e+02,1.561363281250000000e+03,-7.979739990234375000e+02,8.081028747558593750e+01
-1.258947219848632812e+02,-7.800927734375000000e+02,2.682663154602050781e+01,7.883466339111328125e+01,8.085087280273437500e+02
1.073878662109375000e+03,-2.485932350158691406e+01,-1.076794281005859375e+02,-9.073397827148437500e+02,3.739941024780273438e+01
1.985503906250000000e+03,4.424704895019531250e+02,3.417530517578125000e+02,4.712513732910156250e+01,-1.567233581542968750e+02
-1.367734680175781250e+02,1.010875976562500000e+03,-5.435618209838867188e+01,-5.581889038085937500e+02,1.828285827636718750e+02
-1.775604248046875000e+02,6.148843383789062500e+02,1.382257934570312500e+03,-6.333222656250000000e+02,4.801791687011718750e+02
-1.815126220703125000e+03,1.546805114746093750e+02,-5.642731933593750000e+02,6.866551513671875000e+02,-1.555374755859375000e+03
-3.438934936523437500e+02,-1.433777465820312500e+03,9.920013427734375000e+02,5.984650268554687500e+02,-2.222057647705078125e+02
9.059558868408203125e+00,1.483228393554687500e+03,7.415653686523437500e+02,-2.054889648437500000e+03,-4.953591003417968750e+02
4.999194641113281250e+02,-1.778722290039062500e+03,6.113428955078125000e+02,5.114465026855468750e+02,-1.433103393554687500e+03
-1.975573577880859375e+02,-3.400177612304687500e+02,-9.128392333984375000e+02,1.555655639648437500e+03,-2.248021507263183594e+01
9.058496093750000000e+02,-1.088159912109375000e+03,4.010576171875000000e+02,2.411985931396484375e+02,-7.383863525390625000e+02
2.280168701171875000e+03,2.945660400390625000e+03,-1.429642456054687500e+03,-7.516067504882812500e+02,-4.428018188476562500e+02
1.350167358398437500e+03,8.143930816650390625e+01,6.779047241210937500e+02,1.471879882812500000e+03,-2.553524169921875000e+02
1.806872253417968750e+02,-2.332320404052734375e+02,4.044674377441406250e+02,4.345937805175781250e+02,7.948458862304687500e+01
-3.587216186523437500e+02,-5.525991210937500000e+02,5.932837963104248047e+00,-2.874237365722656250e+02,3.908577880859375000e+02
1.608843261718750000e+03,5.348793334960937500e+02,-5.215025634765625000e+02,-7.987360382080078125e+01,9.571394348144531250e+01
-1.304376708984375000e+03,6.089346923828125000e+02,5.029749145507812500e+02,-1.208011627197265625e+02,9.215927734375000000e+02
-2.045355468750000000e+03,1.011808105468750000e+03,-2.495678222656250000e+03,2.104725097656250000e+03,-5.384003295898437500e+02
1.435216186523437500e+03,2.859422119140625000e+03,1.082512573242187500e+03,7.396356811523437500e+02,-3.087746276855468750e+02
-1.407117176055908203e+01,1.330487365722656250e+02,9.755175018310546875e+01,1.074869018554687500e+03,-2.169821624755859375e+02
1.396232666015625000e+03,1.000937622070312500e+03,-4.064807128906250000e+01,-1.985718261718750000e+03,-3.616976623535156250e+02
-6.405661773681640625e+01,-1.029764648437500000e+03,1.704439941406250000e+03,-1.261959838867187500e+03,-1.284376678466796875e+02
-4.025877075195312500e+02,6.476398925781250000e+02,1.166278442382812500e+03,5.765090942382812500e+02,-9.924209594726562500e+02
-6.664930419921875000e+02,-1.343058837890625000e+03,-1.198545898437500000e+03,-3.756542358398437500e+02,-5.799348144531250000e+02
8.391735839843750000e+02,1.167224609375000000e+03,-6.601141357421875000e+02,-1.624404602050781250e+02,1.989283142089843750e+02
4.762923889160156250e+02,-3.596967163085937500e+02,4.007014770507812500e+02,1.037034149169921875e+02,-2.640753479003906250e+02
-1.442631683349609375e+02,-1.128695556640625000e+03,5.267772216796875000e+02,-1.031121704101562500e+03,7.142485809326171875e+01
-2.494206787109375000e+03,-4.570527343750000000e+02,-1.343031494140625000e+03,9.022368164062500000e+02,-1.187937133789062500e+03
2.682790771484375000e+03,2.311373046875000000e+03,-3.942789840698242188e+01,3.187461547851562500e+02,-4.731191406250000000e+02
-1.824692382812500000e+02,3.157453002929687500e+02,6.119539794921875000e+02,3.969739913940429688e+01,-9.412933349609375000e+02
-2.394126953125000000e+03,-1.443391265869140625e+02,1.664016571044921875e+02,-1.220328979492187500e+03,1.522872070312500000e+03
4.257218627929687500e+02,-5.149652709960937500e+02,-8.767794189453125000e+02,7.479132080078125000e+02,-1.732630615234375000e+02
1.915931518554687500e+03,3.166727600097656250e+02,1.210798492431640625e+02,8.023640136718750000e+02,6.148861694335937500e+02
-7.042108764648437500e+02,-1.211200256347656250e+02,-1.824974975585937500e+02,4.011766052246093750e+02,-6.297702407836914062e+01
2.418012390136718750e+02,-4.989895324707031250e+02,-7.577585449218750000e+02,-9.101444244384765625e+01,2.869626770019531250e+02
-1.961513549804687500e+03,-1.441343627929687500e+03,9.697750854492187500e+02,-1.113092773437500000e+03,4.859586791992187500e+02
6.490264648437500000e+03,3.195948181152343750e+02,-4.658388061523437500e+02,-5.340433349609375000e+02,-1.140131469726562500e+03
-2.495263427734375000e+03,-6.800750732421875000e+02,1.189338012695312500e+03,-4.724999694824218750e+02,-5.592036743164062500e+02
-8.625617675781250000e+02,1.721123199462890625e+02,5.541191406250000000e+02,1.298563842773437500e+02,-6.521151733398437500e+02
-1.732076782226562500e+03,5.877380981445312500e+02,-2.691374511718750000e+02,2.024516906738281250e+02,-1.798071899414062500e+02
9.882682800292968750e+00,8.163166503906250000e+02,-1.210231689453125000e+03,-4.292723999023437500e+02,1.595057373046875000e+02
5.554998779296875000e+02,9.301841430664062500e+02,-1.647976493835449219e+01,1.264889602661132812e+02,4.387792358398437500e+02
1.992381958007812500e+03,-4.998396911621093750e+02,-3.094659423828125000e+02,-7.156307983398437500e+02,-2.486485137939453125e+02
-9.832339286804199219e+00,-6.996875000000000000e+01,9.318336791992187500e+02,7.017185668945312500e+02,4.544661865234375000e+02
-3.675347656250000000e+03,-1.005417602539062500e+03,-1.166176757812500000e+03,2.859318542480468750e+02,-2.629878417968750000e+03
-1.664907226562500000e+03,-3.015891723632812500e+02,1.230759033203125000e+03,-2.324487548828125000e+03,-1.159636718750000000e+03
1.649523925781250000e+02,-1.750401763916015625e+02,7.433313598632812500e+02,-6.128407592773437500e+02,4.356707458496093750e+02
-4.870378112792968750e+02,1.740596313476562500e+03,1.408277587890625000e+03,1.324237548828125000e+03,-1.267921386718750000e+03
-6.884877319335937500e+02,-1.330628295898437500e+03,-1.014736816406250000e+03,5.273344116210937500e+02,-2.293528137207031250e+02
-7.738709106445312500e+02,1.626579895019531250e+02,7.954362487792968750e+01,-9.425780296325683594e+00,-7.715041503906250000e+02
2.014831298828125000e+03,9.168735351562500000e+02,-1.347525512695312500e+03,-7.236043701171875000e+02,-3.269704284667968750e+02
1.269234130859375000e+03,-6.784840087890625000e+02,2.506294433593750000e+03,2.542332031250000000e+03,7.835060424804687500e+02
2.026841308593750000e+03,2.567967773437500000e+03,1.421631927490234375e+02,9.199602508544921875e+01,6.420700073242187500e+01
9.785615234375000000e+02,-6.930355224609375000e+02,-4.893035278320312500e+02,2.810201416015625000e+02,1.225354003906250000e+02
3.896884033203125000e+03,5.606340332031250000e+02,-1.102630615234375000e+03,-1.060466674804687500e+03,7.345508422851562500e+02
-1.807203979492187500e+03,-1.018045578002929688e+02,-1.048330810546875000e+03,2.056253204345703125e+02,2.052794647216796875e+02
-4.867521972656250000e+02,-1.669231079101562500e+03,1.117633056640625000e+03,-1.489026855468750000e+03,-5.163446044921875000e+01
2.159261322021484375e+02,3.797282104492187500e+02,6.951558837890625000e+02,1.116647109985351562e+02,-4.676911621093750000e+02
3.437881774902343750e+02,3.873023376464843750e+02,-1.792049560546875000e+03,1.178750854492187500e+03,-3.993592529296875000e+02
-1.687059326171875000e+03,8.467579345703125000e+02,1.588189239501953125e+02,3.286167526245117188e+01,1.115908935546875000e+03
-1.541632324218750000e+03,4.248595581054687500e+02,-1.156735107421875000e+03,-2.125994628906250000e+03,-3.083264350891113281e+01
5.065782226562500000e+03,5.207872070312500000e+03,2.087922851562500000e+03,-2.269916381835937500e+02,-1.136239379882812500e+03
-8.678582763671875000e+01,-4.756401367187500000e+02,6.679266967773437500e+02,9.443419647216796875e+01,-2.874974632263183594e+01
2.505474090576171875e+02,-2.636964111328125000e+02,9.278879547119140625e+01,3.976192321777343750e+02,7.937762451171875000e+01
-1.818788085937500000e+03,-1.212772705078125000e+03,6.014669189453125000e+02,-6.146346435546875000e+02,-3.560027160644531250e+02
5.059208984375000000e+02,2.223208007812500000e+02,4.187644348144531250e+02,-5.036048583984375000e+02,-2.107447509765625000e+02
3.398845214843750000e+02,4.118145751953125000e+02,1.027217941284179688e+02,7.530332641601562500e+02,5.422610473632812500e+02
2.934847717285156250e+02,-4.207413024902343750e+02,-1.920415954589843750e+02,-9.621123046875000000e+02,1.448673248291015625e+02
-7.665172576904296875e+01,2.180508270263671875e+02,-4.629505004882812500e+02,4.463919830322265625e+01,7.100704345703125000e+02
-4.343622558593750000e+03,-5.210829467773437500e+02,1.272402465820312500e+03,-1.420777954101562500e+03,6.333791503906250000e+02
-1.286414184570312500e+03,-2.033290649414062500e+03,1.933043457031250000e+03,1.200174804687500000e+03,1.026601440429687500e+03
1.449299621582031250e+02,5.757825088500976562e+01,-1.292097015380859375e+02,5.724184570312500000e+02,5.145537109375000000e+02
-6.597549438476562500e+02,-1.200280838012695312e+02,4.361834411621093750e+02,1.949030303955078125e+02,1.133369903564453125e+02
-7.224058532714843750e+01,3.073521728515625000e+02,4.706459655761718750e+02,1.443376220703125000e+03,-6.305098266601562500e+02
-1.467812866210937500e+03,1.028474365234375000e+03,5.553320922851562500e+02,-2.616401367187500000e+02,-4.854450378417968750e+02
-4.933973388671875000e+02,-1.468475646972656250e+02,4.043800659179687500e+02,2.686936035156250000e+02,6.496654052734375000e+02
-3.053614234924316406e+01,1.891110687255859375e+02,3.859243774414062500e+02,-2.080024414062500000e+02,-1.721055603027343750e+02
-4.988538208007812500e+02,1.107850097656250000e+03,-1.574220581054687500e+03,-1.594390716552734375e+02,1.420456298828125000e+03
-6.387150883674621582e-01,9.224924926757812500e+02,6.541066284179687500e+02,-5.709321899414062500e+02,-9.506102905273437500e+02
-1.231613891601562500e+03,1.412779052734375000e+03,2.971581420898437500e+02,-6.155518798828125000e+02,3.014752197265625000e+02
1.590359741210937500e+03,-9.867576293945312500e+02,-7.340685272216796875e+01,6.681480102539062500e+02,9.416274414062500000e+02
-2.189387512207031250e+02,-1.379168853759765625e+02,-2.496845397949218750e+02,2.318560028076171875e+02,3.404400939941406250e+02
4.050082015991210938e+01,5.762734985351562500e+02,1.008399475097656250e+03,6.017377319335937500e+02,2.282655334472656250e+02
-1.489994659423828125e+02,3.037640686035156250e+02,-6.295573120117187500e+02,-2.474799957275390625e+02,9.371452026367187500e+02
8.221080017089843750e+01,5.995479736328125000e+02,3.651605606079101562e+01,-2.270791473388671875e+02,1.065036010742187500e+01
7.039057159423828125e+01,5.773309230804443359e+00,9.406056518554687500e+02,-3.330753479003906250e+02,-7.773672485351562500e+02
-1.247897216796875000e+03,-1.449231414794921875e+02,-5.244296875000000000e+02,-2.723533935546875000e+02,6.137393798828125000e+02
8.456805419921875000e+01,1.376865844726562500e+02,-4.968886413574218750e+02,1.411972290039062500e+03,3.101875305175781250e+02
9.990219116210937500e+02,1.588809356689453125e+02,-4.732189636230468750e+02,-8.923139648437500000e+02,-1.108229736328125000e+03
-2.565920639038085938e+01,-1.030522583007812500e+03,8.265224609375000000e+02,-1.104968566894531250e+02,3.098998832702636719e+01
1.202572479248046875e+02,-1.154133300781250000e+02,2.210725097656250000e+02,6.567962646484375000e+02,-8.801821899414062500e+02
-3.149114746093750000e+03,4.204617309570312500e+02,5.667575073242187500e+02,1.027556518554687500e+03,-2.375865783691406250e+02
-2.709893493652343750e+02,-8.053804321289062500e+02,1.831398162841796875e+02,1.003483459472656250e+03,-3.468701782226562500e+02
-1.573711181640625000e+03,-2.139345092773437500e+02,-1.451412719726562500e+03,-2.244360733032226562e+01,-1.795420379638671875e+02
2.670885253906250000e+03,1.567932739257812500e+03,-8.003973388671875000e+02,1.275314331054687500e+03,2.179335937500000000e+02
-8.951309814453125000e+02,-2.585382080078125000e+02,8.450025939941406250e+01,1.134857864379882812e+02,-6.301838989257812500e+02
-3.549147033691406250e+02,-5.467408447265625000e+02,9.146218261718750000e+02,-7.890451049804687500e+01,2.974487304687500000e+02
-1.467838256835937500e+03,-5.084855346679687500e+02,3.379902038574218750e+02,-8.748861312866210938e+00,-1.425744323730468750e+02
1.417988281250000000e+02,5.352272949218750000e+02,9.008222961425781250e+01,8.309641723632812500e+02,6.054705200195312500e+02
1.506811767578125000e+03,1.575811035156250000e+03,6.559104614257812500e+02,-2.851009033203125000e+03,3.928644714355468750e+02
5.794251098632812500e+02,7.232303466796875000e+02,1.302125000000000000e+03,2.600194091796875000e+02,-1.308974853515625000e+03
1.752732055664062500e+03,3.814219970703125000e+02,-9.737834930419921875e+00,-6.691636085510253906e+00,-1.311047729492187500e+03
-8.076410675048828125e+01,-8.612661743164062500e+02,2.379124267578125000e+03,-9.131533813476562500e+02,-2.424479217529296875e+02
-1.758066772460937500e+03,1.595971221923828125e+02,8.582011413574218750e+01,-8.849363403320312500e+02,5.758892822265625000e+02
7.109412841796875000e+02,4.980750427246093750e+02,9.969453125000000000e+02,9.782558593750000000e+02,-7.176641845703125000e+01
6.640439453125000000e+02,2.298842468261718750e+02,1.583713836669921875e+02,2.282062072753906250e+02,5.007158279418945312e+01
-1.562409057617187500e+02,-8.093418579101562500e+02,-7.686242675781250000e+02,-1.663053710937500000e+03,-2.021282043457031250e+02
1.294545288085937500e+03,3.476858520507812500e+02,-6.639683227539062500e+02,-1.839907379150390625e+02,-3.514278259277343750e+02
1.360524536132812500e+03,1.810747680664062500e+03,1.655325317382812500e+02,1.085838989257812500e+03,-2.050803680419921875e+02
-6.488087158203125000e+02,-1.801679443359375000e+03,1.123788208007812500e+03,-7.363793334960937500e+02,3.881990661621093750e+02
6.021021728515625000e+02,3.886317138671875000e+02,-1.409274444580078125e+02,-1.760670898437500000e+03,-6.526100463867187500e+02
4.236615600585937500e+02,-2.252982330322265625e+02,9.330564498901367188e+00,9.628902587890625000e+02,1.691285514831542969e+01
1.585364746093750000e+03,7.600374603271484375e+01,7.391597900390625000e+02,3.984290466308593750e+02,7.397065429687500000e+02
-6.515887207031250000e+03,-1.817650512695312500e+03,2.545474090576171875e+02,1.325888916015625000e+03,7.918583984375000000e+02
-2.155982666015625000e+03,9.760184326171875000e+02,-1.615055175781250000e+03,-6.681760253906250000e+02,6.502232666015625000e+02
3.207983154296875000e+03,1.720781707763671875e+02,-4.172000122070312500e+02,-9.019599609375000000e+02,6.013987426757812500e+02
9.585888061523437500e+02,3.941066894531250000e+02,-5.929588623046875000e+02,-2.633580078125000000e+03,4.853355407714843750e+02
-1.623562927246093750e+02,6.906702880859375000e+02,-3.840235900878906250e+01,2.345672607421875000e+03,-1.222947021484375000e+03
3.966666870117187500e+02,-8.933091735839843750e+01,7.937191772460937500e+02,-7.794721679687500000e+02,2.740830383300781250e+02
4.927062683105468750e+02,3.605978088378906250e+02,1.946571044921875000e+02,-1.035902221679687500e+03,-7.590311279296875000e+02
-1.196973266601562500e+03,-4.658759765625000000e+02,-7.518008422851562500e+02,6.880181274414062500e+02,9.879509735107421875e+01
-1.482580566406250000e+03,1.433606201171875000e+03,8.834590454101562500e+02,8.304141235351562500e+02,-7.985698242187500000e+02
4.628305358886718750e+02,-1.973004608154296875e+02,1.610357513427734375e+02,-1.593732604980468750e+02,4.930218505859375000e+02
-1.218770629882812500e+03,9.176875610351562500e+02,-1.365887939453125000e+03,-1.108028869628906250e+02,-7.134052124023437500e+02
-6.722947387695312500e+02,-4.371697998046875000e+02,-1.732440063476562500e+03,-9.708521728515625000e+02,-3.926360473632812500e+02
8.625603637695312500e+02,5.188665161132812500e+02,-1.287675781250000000e+03,-1.772236694335937500e+03,1.454607696533203125e+02
1.166486816406250000e+02,1.414265869140625000e+03,1.542610595703125000e+03,-2.566356811523437500e+02,4.059042968750000000e+02
4.078370361328125000e+03,2.432607177734375000e+03,-2.113368164062500000e+03,1.697013427734375000e+03,7.898780517578125000e+02
6.076489257812500000e+02,-4.999472427368164062e+01,3.934480590820312500e+02,-1.918975219726562500e+02,1.135633697509765625e+02
-1.765500976562500000e+03,8.672112274169921875e+01,2.451566925048828125e+02,6.787787475585937500e+02,7.777684326171875000e+02
-1.584352493286132812e+01,-1.337973022460937500e+03,-9.400341796875000000e+02,-5.637430953979492188e+01,-2.577625732421875000e+02
-8.365816040039062500e+02,-2.065718231201171875e+02,-4.726640319824218750e+02,-1.643258476257324219e+01,3.110163116455078125e+01
-3.402992553710937500e+02,-5.000606384277343750e+02,4.083033752441406250e+01,-1.291159179687500000e+03,-2.746072082519531250e+02
1.516262695312500000e+03,9.049418334960937500e+02,-1.523946166992187500e+03,-5.405303344726562500e+02,-6.850971069335937500e+02
8.648016357421875000e+02,-2.846669616699218750e+02,2.433545684814453125e+02,-8.632108154296875000e+02,-1.486243743896484375e+02
-1.968531005859375000e+03,-5.633903808593750000e+02,3.720375061035156250e+02,3.926296142578125000e+03,-1.625497741699218750e+02
6.028460693359375000e+01,4.762828445434570312e+01,7.166965942382812500e+02,3.250290283203125000e+03,-5.699429321289062500e+02
-7.177124023437500000e+02,-3.941256713867187500e+01,5.824212036132812500e+02,-1.402148193359375000e+03,2.426006774902343750e+02
-2.095418212890625000e+03,-6.716429443359375000e+02,6.309703369140625000e+02,-1.048889038085937500e+03,1.092818115234375000e+03
7.075110473632812500e+02,1.299490966796875000e+03,2.807381868362426758e+00,-3.259836181640625000e+03,-3.975397644042968750e+02
-6.775405273437500000e+02,1.113349731445312500e+03,1.093611938476562500e+03,-1.163806640625000000e+03,-1.726051635742187500e+02
1.645334960937500000e+03,-5.391580810546875000e+02,5.014976501464843750e+02,8.399624633789062500e+02,-4.560188903808593750e+02
-7.681525878906250000e+02,-4.679340209960937500e+02,6.587082672119140625e+01,4.820238952636718750e+02,1.207886962890625000e+03
-9.137274169921875000e+01,-2.528608856201171875e+02,-8.116716308593750000e+02,-9.234556274414062500e+02,3.106881408691406250e+02
-1.078236450195312500e+03,-4.378501281738281250e+02,9.728692626953125000e+02,-2.217406738281250000e+03,-1.901682983398437500e+03
6.674932861328125000e+02,1.115752639770507812e+02,8.177920532226562500e+02,6.650203247070312500e+02,6.222305908203125000e+02
6.834358520507812500e+02,-9.970104370117187500e+02,-6.262077636718750000e+02,-2.060101013183593750e+02,-5.054162216186523438e+01
9.239166259765625000e+02,9.090006103515625000e+02,-1.679158782958984375e+02,2.056876220703125000e+03,4.829244613647460938e+01
-5.059349060058593750e+02,2.124925079345703125e+02,-1.006110351562500000e+03,4.027070312500000000e+02,6.406936035156250000e+02
-2.412370147705078125e+02,8.169269409179687500e+02,-1.362194366455078125e+02,-2.760993347167968750e+02,7.243972015380859375e+01
9.101474761962890625e+01,9.256027832031250000e+02,5.735814666748046875e+01,2.447086425781250000e+03,-1.514641723632812500e+02
1.055779052734375000e+03,-1.806386871337890625e+02,-2.029724693298339844e+01,-1.467665771484375000e+03,-8.650521850585937500e+02
-4.772402343750000000e+02,1.418011962890625000e+03,9.038816528320312500e+02,2.598356323242187500e+02,-5.799475097656250000e+02
-6.530121459960937500e+02,-2.152023620605468750e+02,3.901361999511718750e+02,-3.267331542968750000e+02,3.077595214843750000e+02
1.675449951171875000e+03,3.946392822265625000e+03,8.337907104492187500e+02,-8.438439941406250000e+02,7.128945922851562500e+02
-1.535873168945312500e+03,7.472044677734375000e+02,-3.725940856933593750e+02,4.891674499511718750e+02,-1.010269088745117188e+02
-9.598400268554687500e+02,4.856562194824218750e+02,7.932802734375000000e+02,-1.208360961914062500e+03,-6.340510253906250000e+02
-7.341545410156250000e+02,-2.315193847656250000e+03,-1.648329223632812500e+03,8.348978881835937500e+02,-7.523024291992187500e+02
3.979468994140625000e+02,2.423591064453125000e+03,-1.154865234375000000e+03,1.297171752929687500e+03,1.452767822265625000e+03
5.659922409057617188e+01,9.490083312988281250e+01,-7.149472656250000000e+02,-6.801021728515625000e+02,3.364984741210937500e+02
2.002259887695312500e+03,4.160094909667968750e+02,1.803752136230468750e+02,2.635494384765625000e+03,-1.788985252380371094e+00
7.533574218750000000e+02,2.419673767089843750e+02,1.432930786132812500e+03,9.820291137695312500e+01,9.396845703125000000e+02
1.325635864257812500e+03,3.373366394042968750e+02,-9.670605468750000000e+02,2.997613525390625000e+02,2.151741638183593750e+02
-5.380668334960937500e+02,7.987407836914062500e+02,1.881833496093750000e+02,3.603977355957031250e+02,6.065654907226562500e+02
-7.602418823242187500e+02,9.352200317382812500e+01,5.335694580078125000e+02,-1.062576141357421875e+02,-6.054347610473632812e+01
3.173983764648437500e+02,-7.686850585937500000e+02,4.833003234863281250e+02,-7.426560058593750000e+02,1.066296310424804688e+02
1.949884057044982910e+00,1.065292358398437500e+03,-3.568699951171875000e+02,-1.719555816650390625e+02,5.056314086914062500e+01
-9.811546630859375000e+02,1.600063934326171875e+02,6.531959838867187500e+02,3.529580383300781250e+02,-5.641754150390625000e+02
4.513492431640625000e+02,-5.357248535156250000e+02,1.053422607421875000e+03,1.649460029602050781e+01,-6.923804473876953125e+01
-6.134448852539062500e+02,1.797592010498046875e+02,-5.894443969726562500e+02,1.238670288085937500e+03,1.035640335083007812e+02
-1.953316406250000000e+03,-3.805645751953125000e+03,-1.075444869995117188e+02,7.917442016601562500e+02,-1.607691528320312500e+03
5.460361938476562500e+02,-8.328778686523437500e+02,-5.795845336914062500e+02,1.576285522460937500e+03,8.562019653320312500e+02
-2.668795471191406250e+02,-2.816799621582031250e+02,-6.737752685546875000e+02,6.009624862670898438e+01,5.843659057617187500e+02
-5.511943969726562500e+02,-6.015947875976562500e+02,-1.297705444335937500e+03,-5.075512390136718750e+02,-1.072522460937500000e+03
-1.239962646484375000e+03,4.108232727050781250e+02,1.426198272705078125e+02,-4.274116516113281250e+02,7.255274772644042969e+00
3.224862365722656250e+02,-1.003782348632812500e+03,-3.742899169921875000e+02,5.264395751953125000e+02,-4.909273681640625000e+02
-8.625777587890625000e+02,4.223019790649414062e+01,1.059776535034179688e+02,-1.850902252197265625e+02,-6.504475097656250000e+02
3.541554260253906250e+02,-3.428642883300781250e+02,4.679707031250000000e+02,7.749093627929687500e+02,-4.984350891113281250e+02
-1.447074462890625000e+03,2.025455474853515625e+02,1.097515502929687500e+03,-4.609483337402343750e+01,9.272868041992187500e+02
-1.817682800292968750e+02,-1.020238830566406250e+03,1.292624511718750000e+02,2.582157897949218750e+02,3.679108581542968750e+02
-2.996278076171875000e+02,6.924275512695312500e+02,8.251934814453125000e+02,-1.162138793945312500e+03,-4.981986389160156250e+02
-3.620159301757812500e+02,-2.017397705078125000e+03,6.941213989257812500e+02,-9.235515136718750000e+02,2.416948080062866211e+00
-6.264298706054687500e+02,1.731793212890625000e+02,-2.596152343750000000e+02,1.505633544921875000e+03,-5.791872558593750000e+02
6.256298828125000000e+02,1.810784912109375000e+02,-3.222127685546875000e+02,-4.500500488281250000e+01,4.008630981445312500e+02
1.596380981445312500e+03,4.893143615722656250e+02,-3.257384338378906250e+02,9.666136474609375000e+02,7.813024902343750000e+01
-1.529114135742187500e+03,-6.224054565429687500e+02,1.536410827636718750e+02,-4.133370971679687500e+01,-4.781015625000000000e+02
-1.027318969726562500e+03,1.880676025390625000e+03,-7.182650146484375000e+02,1.495277557373046875e+02,-5.735823974609375000e+02
-6.228417358398437500e+02,6.914532470703125000e+01,-6.188140869140625000e+02,9.843771362304687500e+02,-1.476652679443359375e+02
5.356969604492187500e+02,2.426398010253906250e+02,9.154709472656250000e+02,-1.532976837158203125e+02,-1.049240722656250000e+03
3.994027709960937500e+02,-2.984118652343750000e+02,1.308937225341796875e+02,9.424942016601562500e+02,3.478321838378906250e+02
-8.827904052734375000e+02,-4.841645812988281250e+02,3.531560974121093750e+02,-9.598968505859375000e+01,9.704736328125000000e+02
-1.502457885742187500e+03,3.716913146972656250e+02,2.715932006835937500e+02,7.664347839355468750e+01,-5.969216918945312500e+02
1.816932830810546875e+02,4.573052215576171875e+01,3.570948486328125000e+02,1.467298706054687500e+03,-7.283486938476562500e+02
-2.502693023681640625e+02,4.251647186279296875e+01,-7.627089843750000000e+02,-7.173055267333984375e+01,-9.941274261474609375e+01
1.517477798461914062e+01,-8.522499389648437500e+02,-3.288055725097656250e+02,6.019661865234375000e+02,9.216629028320312500e+02
-1.258406250000000000e+03,-4.973302917480468750e+02,-1.007851196289062500e+03,-5.284557342529296875e+01,-3.816233825683593750e+02
3.215433654785156250e+02,-3.924111022949218750e+02,2.152603302001953125e+02,-1.649239746093750000e+03,2.490762176513671875e+02
-3.786330322265625000e+03,-2.554299468994140625e+02,-7.144701538085937500e+02,3.026648864746093750e+02,1.932333831787109375e+02
1.871153930664062500e+03,3.494799423217773438e+01,4.730889892578125000e+02,7.091185913085937500e+02,-4.091195068359375000e+02
-1.616630859375000000e+03,-2.276557861328125000e+03,-9.434656524658203125e+01,1.173044067382812500e+03,-4.503919372558593750e+02
1.495768066406250000e+03,-7.309379882812500000e+02,9.206152954101562500e+02,-5.742614135742187500e+02,7.129782714843750000e+02
-9.692307281494140625e+01,1.672400360107421875e+02,3.638930969238281250e+02,-8.723121948242187500e+02,-1.019680023193359375e+02
1.119815917968750000e+03,-9.059381713867187500e+02,2.036555175781250000e+02,-5.760758056640625000e+02,-1.862000610351562500e+03
1.705773559570312500e+03,1.402106689453125000e+03,5.481423339843750000e+02,-2.151322753906250000e+03,7.358728027343750000e+01
1.264060180664062500e+03,-2.759671630859375000e+03,8.746726684570312500e+02,-6.560247802734375000e+02,-7.155190429687500000e+02
1.944412231445312500e+02,-6.124211425781250000e+02,-1.012351623535156250e+03,1.599961547851562500e+03,-1.117440063476562500e+03
1.017807617187500000e+03,6.059077758789062500e+02,9.196845092773437500e+02,3.198783874511718750e+02,6.057623901367187500e+02
6.250212402343750000e+02,4.817178039550781250e+02,-1.775545501708984375e+01,5.706134033203125000e+02,-1.363575897216796875e+02
-1.129207397460937500e+03,-1.299962890625000000e+03,8.595443115234375000e+02,-1.105186920166015625e+02,-1.485532989501953125e+02
6.563845214843750000e+02,-1.591790008544921875e+02,-2.548887481689453125e+02,6.118486938476562500e+02,4.236607971191406250e+02
3.123855957031250000e+03,4.682071228027343750e+02,-8.580676269531250000e+01,1.777705322265625000e+03,-1.660017578125000000e+03
-1.633303955078125000e+03,2.209340209960937500e+02,1.165913940429687500e+03,-8.702377929687500000e+02,2.969089965820312500e+02
-1.782214813232421875e+02,3.542346496582031250e+02,-5.474253540039062500e+02,-2.832741394042968750e+02,-4.952148742675781250e+02
1.616143066406250000e+03,9.211408081054687500e+02,3.743097305297851562e+00,2.655656814575195312e+01,1.324763488769531250e+01
1.825139404296875000e+03,2.956876464843750000e+03,1.034984512329101562e+02,1.437028686523437500e+03,-6.816406250000000000e+02
-4.308555297851562500e+02,5.275346069335937500e+02,9.586057739257812500e+02,9.269570312500000000e+02,-4.024921894073486328e+00
-7.856920776367187500e+02,-2.187573974609375000e+03,1.129675140380859375e+02,-8.657056884765625000e+02,-3.660133972167968750e+02
-1.319158477783203125e+02,2.777206420898437500e+02,8.211425170898437500e+02,1.897082061767578125e+02,-2.745213317871093750e+02
-1.551004638671875000e+03,-7.358377075195312500e+01,-5.480733642578125000e+02,2.009951904296875000e+03,1.950557250976562500e+02
1.180026977539062500e+03,1.953151550292968750e+02,5.106215209960937500e+02,5.394163818359375000e+02,-5.623400268554687500e+02
-7.369823455810546875e+01,8.746879882812500000e+02,-7.672765502929687500e+02,5.941594238281250000e+02,-8.172678222656250000e+02
1.893489532470703125e+02,9.132967529296875000e+02,5.960891113281250000e+02,-5.350568847656250000e+02,1.978668457031250000e+03
3.477093811035156250e+02,-7.566450805664062500e+02,9.116077270507812500e+02,5.818009643554687500e+02,7.715061950683593750e+01
-1.366248535156250000e+03,7.916569519042968750e+01,-6.285861206054687500e+02,2.445771331787109375e+02,-3.224823608398437500e+02
-2.435413330078125000e+03,-2.365502685546875000e+03,5.908082885742187500e+02,-1.499982788085937500e+03,2.178179740905761719e+01
-5.885681152343750000e+02,-3.175962402343750000e+03,1.713509643554687500e+03,1.623660430908203125e+02,8.045124816894531250e+01
4.613726196289062500e+02,6.914412841796875000e+02,-3.757814025878906250e+02,6.427915649414062500e+02,-1.323980331420898438e+01
-9.643301391601562500e+02,-2.538767822265625000e+03,7.962934112548828125e+01,1.031035034179687500e+03,-1.621188964843750000e+02
-4.590944213867187500e+02,-1.132017333984375000e+03,4.892580871582031250e+02,-2.632347717285156250e+02,1.018134338378906250e+03
1.696479248046875000e+03,-3.949115966796875000e+03,-6.411530761718750000e+02,4.671150817871093750e+02,9.962126464843750000e+02
5.178105468750000000e+02,1.217051025390625000e+03,2.177286621093750000e+03,1.146799560546875000e+03,2.704502868652343750e+02
-9.292667236328125000e+02,1.888350677490234375e+02,-6.748909301757812500e+02,4.067907104492187500e+02,1.968498077392578125e+02
2.256867187500000000e+03,-1.571955718994140625e+02,-6.371489868164062500e+02,-1.426151367187500000e+03,1.183555175781250000e+03
1.026678222656250000e+03,-1.943973266601562500e+03,-4.282592773437500000e+01,-1.077364501953125000e+03,-9.381721801757812500e+02
-6.585838623046875000e+02,-7.020438842773437500e+02,-4.695705261230468750e+02,2.487922973632812500e+02,2.393190383911132812e+01
3.845326232910156250e+02,1.317138061523437500e+03,-2.083290672302246094e+01,-9.683002929687500000e+02,4.117546386718750000e+02
-1.472977416992187500e+03,4.575946655273437500e+02,2.213234710693359375e+02,1.475731567382812500e+03,-1.794095458984375000e+02
2.207381591796875000e+03,-1.341881469726562500e+03,-2.104614257812500000e+02,-3.389802551269531250e+02,5.149270629882812500e+01
4.771508483886718750e+02,-2.809660339355468750e+02,-1.471151977539062500e+03,-1.781483398437500000e+03,1.119662719726562500e+03
-8.062407684326171875e+01,1.588331542968750000e+03,9.230398559570312500e+01,2.222248046875000000e+03,-1.452737121582031250e+02
1.147884399414062500e+03,1.209571838378906250e+02,8.755587768554687500e+02,5.221535644531250000e+02,1.226571899414062500e+03
1.783820800781250000e+02,6.197089233398437500e+02,-8.270971679687500000e+02,1.248533447265625000e+03,2.794595718383789062e+01
8.295479125976562500e+02,-3.790522155761718750e+02,1.421886474609375000e+03,-1.602327148437500000e+03,9.613249511718750000e+02
1.670072998046875000e+03,-9.594323120117187500e+02,-2.707033935546875000e+03,-1.335808715820312500e+03,-2.219760894775390625e+01
4.416077880859375000e+02,-9.967209472656250000e+02,-6.461512451171875000e+02,1.627506225585937500e+03,-1.266396728515625000e+03
4.562752990722656250e+02,1.175640502929687500e+03,-2.564753417968750000e+02,8.304832458496093750e+01,-7.911049804687500000e+02
6.744147338867187500e+02,-1.152800415039062500e+03,-5.617666625976562500e+02,5.767535644531250000e+03,-2.328407135009765625e+02
6.378130493164062500e+02,-8.542680053710937500e+02,1.066716308593750000e+03,-1.288633666992187500e+03,-6.037481079101562500e+02
-8.025291748046875000e+02,-1.494581176757812500e+03,-3.917152709960937500e+02,-3.548258972167968750e+02,-3.256341552734375000e+02
-4.845589294433593750e+02,1.026376464843750000e+03,2.172412841796875000e+03,-3.873665771484375000e+03,1.176582641601562500e+03
1.543132446289062500e+03,-1.009919586181640625e+02,-1.709098388671875000e+03,1.745654052734375000e+03,2.180541503906250000e+03
-1.448714904785156250e+02,-5.969410400390625000e+02,3.359555664062500000e+02,-1.676881408691406250e+02,1.800514526367187500e+02
7.076486968994140625e+01,6.659474945068359375e+01,3.545078430175781250e+02,-3.092578430175781250e+02,-8.427351074218750000e+02
-5.513831787109375000e+02,-8.022148437500000000e+02,3.204526672363281250e+02,2.515010070800781250e+01,4.208829040527343750e+02
7.581152343750000000e+02,-1.867835693359375000e+02,-7.087170410156250000e+02,8.533943176269531250e+01,2.679577636718750000e+02
2.567584716796875000e+03,3.229205322265625000e+02,1.032392024993896484e+01,9.388173217773437500e+02,6.805944824218750000e+02
7.383494873046875000e+02,-4.030195312500000000e+02,-1.613573852539062500e+03,7.806992797851562500e+02,4.775234375000000000e+02
-8.185669555664062500e+02,7.654296112060546875e+01,4.351433715820312500e+02,-9.663179321289062500e+02,1.525805664062500000e+02
3.340464477539062500e+02,-7.339949035644531250e+01,-3.382688903808593750e+02,-1.668904266357421875e+02,1.779343109130859375e+02
1.896532592773437500e+03,2.507299072265625000e+03,9.306978759765625000e+02,-1.719961242675781250e+02,1.209879638671875000e+03
-8.395026245117187500e+02,4.933166015625000000e+03,-1.855021118164062500e+03,1.391880126953125000e+03,3.170720947265625000e+03
-4.194363784790039062e+01,-2.555038604736328125e+02,8.945405578613281250e+01,-3.378990783691406250e+02,-2.303798522949218750e+02
-8.767090454101562500e+02,1.087081420898437500e+03,2.639898376464843750e+02,6.485570678710937500e+02,9.947329101562500000e+02
6.397863769531250000e+02,-8.587558746337890625e+00,2.692391967773437500e+02,-1.909120559692382812e+01,-3.831116943359375000e+02
2.177583160400390625e+02,3.100215454101562500e+02,-2.863796997070312500e+02,-1.276379028320312500e+03,-1.138689941406250000e+03
-6.875817871093750000e+01,-1.801978271484375000e+03,5.660396728515625000e+02,-4.099476928710937500e+02,4.178557128906250000e+02
5.700772705078125000e+02,3.319202804565429688e+01,2.112902832031250000e+02,-9.970266723632812500e+02,-1.126793823242187500e+03
2.112146972656250000e+03,6.955683593750000000e+02,2.816775390625000000e+03,1.202010620117187500e+03,-1.452949428558349609e+01
7.824201660156250000e+02,1.358205444335937500e+03,7.403558349609375000e+02,-8.428609008789062500e+02,-1.134101440429687500e+03
1.114871582031250000e+03,-5.494600219726562500e+02,1.140556762695312500e+03,-2.427040252685546875e+02,-3.022249450683593750e+02
8.854188842773437500e+02,-1.017833984375000000e+03,2.082249603271484375e+02,-3.178829650878906250e+02,-5.430910491943359375e+01
2.059546051025390625e+02,-6.344664306640625000e+02,2.330015754699707031e+01,5.846128540039062500e+02,1.476082000732421875e+02
3.504178466796875000e+02,1.649149322509765625e+02,-8.178970336914062500e+02,2.700688476562500000e+02,-1.205834350585937500e+03
2.096053955078125000e+03,4.847101135253906250e+02,6.946613769531250000e+02,-1.185363403320312500e+03,-2.988389282226562500e+02
-1.516702636718750000e+03,4.346164245605468750e+02,5.043807373046875000e+02,-1.595412139892578125e+02,7.974133911132812500e+02
7.618546142578125000e+02,7.449356079101562500e+02,-6.644428710937500000e+02,6.506166381835937500e+02,-1.177821899414062500e+03
1.777384948730468750e+02,6.324365139007568359e-01,1.053274902343750000e+03,3.440282287597656250e+02,5.395000610351562500e+02
3.198013000488281250e+02,-1.203873138427734375e+02,3.203148193359375000e+02,1.719402587890625000e+03,1.397090454101562500e+02
-3.188094177246093750e+02,1.294558959960937500e+03,-5.537899398803710938e+01,-4.845193786621093750e+02,7.976106567382812500e+02
-1.975289916992187500e+02,4.176406478881835938e+01,-7.431042480468750000e+01,-7.012769775390625000e+02,-5.390698852539062500e+02
-1.124966430664062500e+03,-6.840171508789062500e+02,2.312836303710937500e+02,-1.617748535156250000e+03,1.002618041992187500e+03
-3.347872314453125000e+03,-1.146103820800781250e+02,2.057174316406250000e+03,-2.382105957031250000e+03,-2.480805969238281250e+02
-6.098999023437500000e+02,-1.303081665039062500e+03,1.268423583984375000e+03,-3.327352905273437500e+02,6.287116699218750000e+02
-1.261739868164062500e+03,-4.153656616210937500e+02,-9.897544555664062500e+02,6.492025146484375000e+02,-4.064919128417968750e+02
-1.373471801757812500e+03,-1.336058959960937500e+03,-1.136015258789062500e+03,1.335850708007812500e+03,5.548732757568359375e+01
3.181728759765625000e+03,-2.968823852539062500e+02,4.404472656250000000e+02,1.153746109008789062e+02,-9.841608276367187500e+02
1.588275146484375000e+02,2.939310607910156250e+02,-2.096456298828125000e+03,-2.380967773437500000e+03,1.856496276855468750e+02
-2.149341735839843750e+02,3.147243652343750000e+02,-2.515799102783203125e+02,-2.055428771972656250e+02,6.619498443603515625e+01
-2.469342773437500000e+03,-1.015138916015625000e+03,-4.667575683593750000e+02,-3.676986389160156250e+02,1.148294677734375000e+03
5.943771972656250000e+02,6.389772949218750000e+02,4.904548645019531250e+02,8.130147094726562500e+02,-3.146778259277343750e+02
1.621907196044921875e+02,-1.578399047851562500e+02,2.154565734863281250e+02,-1.194424896240234375e+02,3.823356933593750000e+02
-2.377142822265625000e+03,2.478463287353515625e+02,4.218436584472656250e+02,-9.438209533691406250e+01,7.867048950195312500e+02
-2.744434509277343750e+02,-1.094198120117187500e+03,5.874258422851562500e+02,4.530759582519531250e+02,-5.507899780273437500e+02
2.354582672119140625e+02,2.465730438232421875e+02,-1.041401733398437500e+03,-1.272278823852539062e+02,-1.550656280517578125e+02
3.786831970214843750e+02,2.380917663574218750e+02,8.309590454101562500e+02,-1.104104125976562500e+03,6.844447021484375000e+02
8.119877929687500000e+02,7.531738891601562500e+02,-7.625142211914062500e+02,-1.508323486328125000e+03,4.552895202636718750e+02
-6.386386108398437500e+01,-1.652533447265625000e+03,8.802625122070312500e+02,9.113489532470703125e+01,5.325244750976562500e+02
-1.188606567382812500e+03,-9.008772277832031250e+01,4.454556884765625000e+02,-9.926844482421875000e+02,-1.000079650878906250e+03
-8.121067047119140625e+01,-7.542713623046875000e+02,-2.135382812500000000e+03,-8.839813842773437500e+02,3.184967517852783203e+00
-6.068079833984375000e+02,-3.787469482421875000e+02,9.050195312500000000e+02,-1.362806274414062500e+03,-9.409846801757812500e+02
-2.640766357421875000e+03,1.430813903808593750e+02,5.188096313476562500e+02,-2.179452880859375000e+03,1.496238647460937500e+03
9.519789428710937500e+02,-2.833865722656250000e+03,-1.477248229980468750e+02,1.487766601562500000e+03,2.792994689941406250e+02
1.257270629882812500e+03,7.460947875976562500e+02,-1.761584625244140625e+02,2.628344726562500000e+02,-3.564132308959960938e+01
-1.084617309570312500e+03,-9.015446777343750000e+02,-6.792446899414062500e+02,-1.330213500976562500e+03,-2.899306640625000000e+02
5.870523071289062500e+02,-6.512864685058593750e+01,-3.850180053710937500e+02,-1.279952163696289062e+02,-5.081698913574218750e+02
2.492428588867187500e+02,-6.165467529296875000e+02,-1.326723785400390625e+02,1.236342529296875000e+03,2.766258239746093750e+02
4.166007995605468750e+02,9.616116333007812500e+02,-1.215698608398437500e+03,6.585684204101562500e+02,-2.166244354248046875e+02
3.564011230468750000e+02,-7.321168823242187500e+02,5.378463134765625000e+02,4.330878295898437500e+02,-8.626475524902343750e+01
-9.293709716796875000e+02,6.740604858398437500e+02,3.423119812011718750e+02,6.312078857421875000e+02,7.560814819335937500e+02
6.721483764648437500e+02,-8.769149169921875000e+02,1.002722229003906250e+03,-5.803067626953125000e+02,4.982897338867187500e+02
-7.811768798828125000e+02,1.883511810302734375e+02,6.144989013671875000e+02,1.195025390625000000e+03,-1.565809173583984375e+02
-5.996278686523437500e+02,-1.250804931640625000e+03,-1.304630371093750000e+03,2.505463714599609375e+02,2.015303588867187500e+03
2.329732971191406250e+02,-7.419691772460937500e+02,1.066941406250000000e+03,1.873078308105468750e+02,9.601466064453125000e+02
-3.287518615722656250e+02,2.312279541015625000e+03,-4.965723571777343750e+02,4.389900817871093750e+02,-5.279385375976562500e+02
-1.282723266601562500e+03,-7.845595703125000000e+02,1.053528808593750000e+03,-3.822994079589843750e+02,-1.134940338134765625e+02
-1.829315490722656250e+02,-2.786798400878906250e+02,7.270441284179687500e+02,3.406640136718750000e+03,-3.190779418945312500e+02
5.848439331054687500e+02,-2.131727981567382812e+01,-2.596503662109375000e+03,-6.182276000976562500e+02,-1.135864746093750000e+03
-2.008987884521484375e+02,1.125362426757812500e+03,2.578496093750000000e+02,1.086923461914062500e+03,-3.475460815429687500e+02
7.784559326171875000e+02,-1.490872070312500000e+03,7.316612548828125000e+02,-2.504563964843750000e+03,1.322522216796875000e+03
-4.840677795410156250e+02,-1.597963378906250000e+03,-3.739825439453125000e+02,3.758750305175781250e+02,-6.461904296875000000e+02
5.042802047729492188e+01,5.222609252929687500e+02,9.571257934570312500e+02,-1.843680786132812500e+03,6.108475952148437500e+02
-3.097865966796875000e+03,-7.407429809570312500e+02,-3.123786735534667969e+01,3.789054260253906250e+02,-1.953516693115234375e+02
-9.248292846679687500e+02,3.052482299804687500e+02,2.411519813537597656e+01,7.063759765625000000e+02,-8.054293823242187500e+02
-1.293317718505859375e+02,-1.629941406250000000e+02,-5.949243164062500000e+02,-9.186250000000000000e+02,2.888860778808593750e+02
2.308681640625000000e+03,-1.028856658935546875e+01,-7.118607997894287109e+00,-3.699145996093750000e+03,8.901544189453125000e+02
5.125579589843750000e+03,-5.772319412231445312e+01,1.640161895751953125e+02,-7.670529174804687500e+02,-5.087770080566406250e+02
-7.755369873046875000e+02,-2.524782958984375000e+03,-4.005007934570312500e+01,1.456901367187500000e+03,1.170889282226562500e+03
8.354046630859375000e+02,5.828688964843750000e+02,-2.587431396484375000e+03,-2.519535400390625000e+03,8.269166259765625000e+02
-3.035514160156250000e+03,-1.145057006835937500e+03,8.319797363281250000e+02,-1.518441162109375000e+03,-1.669433959960937500e+03
-2.771497154235839844e+01,-6.024308471679687500e+02,8.122312011718750000e+02,-6.583322753906250000e+02,5.189592895507812500e+02
5.796423339843750000e+02,-6.163103027343750000e+02,7.798057250976562500e+02,1.234047851562500000e+03,1.654075317382812500e+02
-3.645916748046875000e+02,8.219291381835937500e+02,7.796090698242187500e+02,4.554780273437500000e+02,2.899474487304687500e+02
2.229510253906250000e+03,6.149283447265625000e+02,-8.132150268554687500e+01,-1.474933471679687500e+03,2.089617919921875000e+03
-6.518452758789062500e+02,-6.806039428710937500e+02,4.168441467285156250e+02,-2.778056152343750000e+03,3.980682983398437500e+02
3.440851211547851562e+01,-5.219539184570312500e+02,-9.749135131835937500e+02,1.663853393554687500e+03,-2.219875640869140625e+02
4.568156738281250000e+02,8.480641479492187500e+02,2.225258636474609375e+02,2.289203643798828125e+02,-6.339351806640625000e+02
6.783916625976562500e+02,-3.561866149902343750e+02,1.462303955078125000e+03,5.114252319335937500e+02,-7.731052856445312500e+02
1.873300170898437500e+02,-9.912740478515625000e+02,2.657077407836914062e+01,-2.301818542480468750e+02,-9.190599975585937500e+02
-1.405193481445312500e+03,-1.843939819335937500e+02,-3.031769104003906250e+02,-1.625252929687500000e+03,4.826940002441406250e+02
-8.148674926757812500e+02,2.023226196289062500e+03,1.356224487304687500e+03,1.910452026367187500e+03,-5.779156494140625000e+02
-8.188300170898437500e+02,-2.245183753967285156e+01,1.111767333984375000e+03,-1.261622192382812500e+03,-6.903546752929687500e+02
-3.905138549804687500e+02,-4.533667297363281250e+02,-2.072368316650390625e+02,1.860616912841796875e+02,5.465615844726562500e+02
-2.472190185546875000e+03,-7.813787231445312500e+02,-1.946240478515625000e+03,9.962628936767578125e+01,4.417727966308593750e+02
3.582485839843750000e+03,2.604624023437500000e+03,-1.979192871093750000e+03,-5.592321166992187500e+02,-1.629442504882812500e+03
1.645425415039062500e+03,-5.249380493164062500e+02,5.604505615234375000e+02,-1.322487670898437500e+03,3.529801025390625000e+02
4.762556152343750000e+02,1.821670532226562500e+02,-1.407854980468750000e+03,1.603063964843750000e+02,-5.778321456909179688e+01
-8.583661499023437500e+02,4.481645507812500000e+02,1.213645935058593750e+02,1.375492919921875000e+03,3.158456115722656250e+02
-2.421901855468750000e+02,-1.381190063476562500e+03,-5.680442810058593750e+00,-1.305678955078125000e+03,-2.604506225585937500e+02
-1.149041015625000000e+03,-2.745135498046875000e+03,-2.293721191406250000e+03,2.006435699462890625e+02,-1.238956756591796875e+02
-5.914985351562500000e+02,-1.983817443847656250e+02,5.091706542968750000e+02,-3.516790161132812500e+02,1.293306884765625000e+03
-2.276047119140625000e+03,-3.376234741210937500e+02,-1.940412963867187500e+03,7.518088378906250000e+02,5.477628173828125000e+02
6.207377319335937500e+02,3.416832580566406250e+02,-1.471200561523437500e+02,-8.025023651123046875e+01,-9.360066528320312500e+02
1.663436279296875000e+03,-2.428567810058593750e+02,4.365630798339843750e+02,-1.284283752441406250e+02,-1.969843597412109375e+02
1.188999267578125000e+03,-6.353977050781250000e+02,1.999586029052734375e+02,8.209796142578125000e+02,1.284355102539062500e+03
-6.689016113281250000e+02,-4.231805801391601562e+01,-1.071616821289062500e+02,-1.235233520507812500e+03,-1.716020507812500000e+02
1.207972167968750000e+03,9.839543457031250000e+02,2.513184814453125000e+03,1.227350234985351562e+02,1.716052627563476562e+01
3.876302978515625000e+03,2.491438964843750000e+03,-3.724067626953125000e+03,-3.624130554199218750e+02,2.890834228515625000e+03
5.660319213867187500e+02,-8.419436035156250000e+02,6.564116821289062500e+02,-2.643448791503906250e+02,-8.250627441406250000e+02
-1.602870941162109375e+01,6.822801513671875000e+02,1.713714599609375000e+02,1.098135620117187500e+03,1.787298965454101562e+01
1.825329742431640625e+02,2.957597351074218750e+02,-1.532188415527343750e+02,-1.704218505859375000e+03,-5.642133178710937500e+02
-1.563936523437500000e+03,3.322593505859375000e+03,1.047472167968750000e+03,7.066457519531250000e+02,4.994498291015625000e+02
5.873872070312500000e+02,7.847002563476562500e+02,6.343695678710937500e+02,1.737614898681640625e+02,-1.073582153320312500e+03
2.584684570312500000e+03,-3.084112243652343750e+02,-1.370796386718750000e+03,-3.837317810058593750e+02,-5.710595703125000000e+02
-2.198570556640625000e+03,2.528009033203125000e+02,-1.377707366943359375e+02,1.758065917968750000e+03,-1.533948516845703125e+02
-9.396168212890625000e+02,-2.963142089843750000e+03,9.077235412597656250e+01,1.952328979492187500e+03,3.778940677642822266e+00
-2.480521697998046875e+02,1.518953979492187500e+03,-1.214011596679687500e+03,9.406881713867187500e+02,-3.012436828613281250e+02
2.845469055175781250e+02,-1.501120117187500000e+03,1.331616943359375000e+03,-1.628570800781250000e+03,6.884930419921875000e+02
2.067830322265625000e+03,-6.126241455078125000e+02,-5.901493530273437500e+02,-4.685969848632812500e+02,2.294342773437500000e+03
1.712949218750000000e+02,3.950985107421875000e+02,5.867040252685546875e+01,-4.870742187500000000e+02,-5.173898925781250000e+02
-5.784029541015625000e+02,2.526977081298828125e+02,9.482700805664062500e+02,1.466537719726562500e+03,4.764773864746093750e+02
6.328885498046875000e+02,-3.440297241210937500e+02,-2.631652832031250000e+02,1.020140441894531250e+03,5.280336856842041016e+00
-1.512883544921875000e+03,1.118493896484375000e+03,9.275086059570312500e+02,5.692458343505859375e+01,7.424422607421875000e+02
4.815422668457031250e+02,-1.068787689208984375e+02,1.155682250976562500e+03,-2.124478027343750000e+03,8.899525756835937500e+02
1.909145660400390625e+02,-3.923552246093750000e+02,6.765822753906250000e+02,8.986764526367187500e+02,-1.532330017089843750e+02
-3.780795654296875000e+03,-1.347784545898437500e+03,8.598445129394531250e+01,-7.496643066406250000e+02,-1.204326438903808594e+01
1.431767578125000000e+03,2.974143676757812500e+02,-8.613201293945312500e+02,-2.370796813964843750e+02,-6.690449829101562500e+02
3.389451293945312500e+02,-3.915244445800781250e+02,-7.913405151367187500e+02,-2.995612182617187500e+02,-2.670187683105468750e+02
2.847877807617187500e+02,2.790228576660156250e+02,-1.590484924316406250e+02,4.171907653808593750e+02,6.076077270507812500e+02
1.028307739257812500e+03,4.387156250000000000e+03,1.418687866210937500e+03,1.243734375000000000e+03,-1.088311523437500000e+03
-6.689314575195312500e+02,1.648880157470703125e+02,-3.895970458984375000e+02,8.327556152343750000e+02,-5.324994506835937500e+02
